provider,numeric,var_count,total_count
RTD,0.28219696969697,149,528
RX1,0.285502958579882,193,676
RCU,0.23859649122807,68,285
RNZ,0.361809045226131,72,199
RTD-RR8,0.206563706563707,107,518
RGT,0.349397590361446,116,332
RR8,0.27829848594088,386,1387
