provider,numeric,var_count,total_count
RCU,0.3375,27,80
RNZ,0.337386018237082,111,329
RR8,0.340033500837521,406,1194
RTD,0.379066478076379,268,707
RX1,0.268328445747801,183,682
